ACCIDENT_NO,ROAD_NAME,ROAD_TYPE,ROAD_NAME_INT,ROAD_TYPE_INT,ACCIDENTDATE,ACCIDENTTIME,ACCIDENT_TYPE,Accident Type Desc,DAY_OF_WEEK,Day Week Description,DCA_CODE,DCA Description,DIRECTORY,EDITION,PAGE,GRID_REFERENCE_X,GRID_REFERENCE_Y,LIGHT_CONDITION,Light Condition Desc,NODE_ID.y,NO_OF_VEHICLES,NO_PERSONS,NO_PERSONS_INJ_2,NO_PERSONS_INJ_3,NO_PERSONS_KILLED,NO_PERSONS_NOT_INJ,POLICE_ATTEND,ROAD_GEOMETRY,Road Geometry Desc,SEVERITY,SPEED_ZONE
T20060002016,COLAC-FORREST,ROAD,BOUNDARY HILL,ROAD,29/01/2006,10:50:00,4,Collision with a fixed object,1,Sunday,171,LEFT OFF CARRIAGEWAY INTO OBJECT/PARKED VEHICLE,VCS,9,92,D,8,1,Day,202220,1,1,1,0,0,0,1,5,Not at intersection,2,100
T20060005251,FORREST-APOLLO BAY,ROAD,MULGREWS,ROAD,5/03/2006,19:00:00,4,Collision with a fixed object,1,Sunday,181,OFF RIGHT BEND INTO OBJECT/PARKED VEHICLE,VCS,9,101,D,3,1,Day,203340,1,2,1,0,0,1,1,5,Not at intersection,2,100
T20060010129,COLAC-FORREST,ROAD,MEADOWELL,ROAD,29/03/2006,8:40:00,1,Collision with vehicle,4,Wednesday,121,RIGHT THROUGH,VCS,9,92,C,9,1,Day,55840,2,3,2,1,0,0,1,2,T intersection,3,100
T20060020280,COLAC-FORREST,ROAD,COLLINS,ROAD,17/05/2006,8:40:00,1,Collision with vehicle,4,Wednesday,111,RIGHT FAR (INTERSECTIONS ONLY),VCS,9,92,C,7,1,Day,50619,2,5,0,1,0,4,1,1,Cross intersection,3,100
T20060021082,FORREST-APOLLO BAY,ROAD,PACK,TRACK,21/05/2006,14:10:00,4,Collision with a fixed object,1,Sunday,181,OFF RIGHT BEND INTO OBJECT/PARKED VEHICLE,VCS,9,101,D,4,1,Day,204549,1,2,0,1,0,1,1,5,Not at intersection,3,100
T20060041341,BIRREGURRA-FORREST,ROAD,CAPE OTWAY,ROAD,5/11/2006,9:30:00,4,Collision with a fixed object,1,Sunday,181,OFF RIGHT BEND INTO OBJECT/PARKED VEHICLE,VCS,9,92,E,7,1,Day,207022,1,1,1,0,0,0,1,5,Not at intersection,3,100
T20060043414,BIRREGURRA-FORREST,ROAD,DIVISION,ROAD,22/11/2006,7:55:00,1,Collision with vehicle,4,Wednesday,111,RIGHT FAR (INTERSECTIONS ONLY),VCS,9,92,E,8,1,Day,50377,2,5,2,2,1,0,1,2,T intersection,1,100
T20070024866,COLAC-FORREST,ROAD,SEVEN BRIDGES,ROAD,9/07/2007,5:35:00,5,collision with some other object,2,Monday,166,STRUCK OBJECT ON CARRIAGEWAY,VCS,9,92,C,9,5,Dark No street lights,212655,1,1,0,1,0,0,1,5,Not at intersection,3,100
T20070034029,BIRREGURRA-FORREST,ROAD,CAPE OTWAY,ROAD,19/09/2007,9:00:00,6,Vehicle overturned (no collision),4,Wednesday,189,OTHER ACCIDENTS ON CURVE NOT INCLUDED IN DCAs 180-184,VCS,9,92,E,7,1,Day,212135,1,3,2,1,0,0,2,5,Not at intersection,2,100
T20070038216,FORREST-APOLLO BAY,ROAD,MULGREWS,ROAD,21/10/2007,23:15:00,6,Vehicle overturned (no collision),1,Sunday,170,OFF CARRIAGEWAY TO LEFT,VCS,9,101,D,3,5,Dark No street lights,213237,1,1,1,0,0,0,1,5,Not at intersection,2,80
T20070041810,BIRREGURRA-FORREST,ROAD,MALHOFF,ROAD,17/11/2007,2:30:00,4,Collision with a fixed object,7,Saturday,171,LEFT OFF CARRIAGEWAY INTO OBJECT/PARKED VEHICLE,VCS,9,101,D,2,5,Dark No street lights,214303,1,1,1,0,0,0,1,5,Not at intersection,2,100
T20080000011,BIRREGURRA-FORREST,ROAD,SMITH ALT,LANE,31/12/2007,19:40:00,1,Collision with vehicle,2,Monday,130,REAR END(VEHICLES IN SAME LANE),VCS,9,101,D,2,2,Dusk/Dawn,214643,2,4,0,3,0,1,1,5,Not at intersection,3,100
T20080001061,FORREST-APOLLO BAY,ROAD,UPPER GELLIBRAND,ROAD,3/01/2008,19:50:00,6,Vehicle overturned (no collision),5,Thursday,184,OUT OF CONTROL ON CARRIAGEWAY (ON BEND),VCS,9,101,D,2,5,Dark No street lights,201106,1,1,0,1,0,0,1,5,Not at intersection,3,100
T20080005901,FORREST-APOLLO BAY,ROAD,MULGREWS,ROAD,16/02/2008,11:50:00,4,Collision with a fixed object,7,Saturday,183,OFF LEFT BEND INTO OBJECT/PARKED VEHICLE,VCS,9,101,D,3,1,Day,215374,1,1,1,0,0,0,1,5,Not at intersection,2,100
T20080009916,FORREST-APOLLO BAY,ROAD,UPPER GELLIBRAND,ROAD,18/03/2008,15:05:00,1,Collision with vehicle,3,Tuesday,120,HEAD ON (NOT OVERTAKING),VCS,9,101,D,3,1,Day,215847,2,3,0,1,0,2,1,5,Not at intersection,3,100
T20080024499,COLAC-FORREST,ROAD,COLLINS,ROAD,5/07/2008,14:15:00,1,Collision with vehicle,7,Saturday,121,RIGHT THROUGH,VCS,9,92,C,7,1,Day,50619,2,3,0,1,0,2,1,1,Cross intersection,3,100
T20080032342,COLAC-FORREST,ROAD,TURNER,DRIVE,1/09/2008,13:25:00,4,Collision with a fixed object,2,Monday,183,OFF LEFT BEND INTO OBJECT/PARKED VEHICLE,VCS,9,518,G,5,1,Day,218678,1,2,1,1,0,0,1,5,Not at intersection,2,100
T20080032759,FORREST-APOLLO BAY,ROAD,CROSSMAGLEN,ROAD,4/09/2008,21:00:00,4,Collision with a fixed object,5,Thursday,183,OFF LEFT BEND INTO OBJECT/PARKED VEHICLE,VCS,9,101,D,2,5,Dark No street lights,218714,1,3,1,1,0,1,1,5,Not at intersection,2,100
T20080034991,FORREST-APOLLO BAY,ROAD,TURTONS,TRACK,23/09/2008,16:30:00,1,Collision with vehicle,3,Tuesday,120,HEAD ON (NOT OVERTAKING),VCS,9,101,D,4,1,Day,218946,2,4,0,2,0,2,1,5,Not at intersection,2,80
T20080040064,COLAC-FORREST,ROAD,COLLYERS,ROAD,30/10/2008,17:20:00,1,Collision with vehicle,5,Thursday,130,REAR END(VEHICLES IN SAME LANE),VCS,9,92,C,7,1,Day,219437,2,2,0,1,0,1,1,5,Not at intersection,3,100
T20080047484,BIRREGURRA-FORREST,ROAD,SEVEN BRIDGES,ROAD,20/12/2008,22:40:00,1,Collision with vehicle,7,Saturday,120,HEAD ON (NOT OVERTAKING),VCS,9,92,D,9,5,Dark No street lights,34863,2,4,4,0,0,0,1,5,Not at intersection,2,100
T20090008640,BIRREGURRA-FORREST,ROAD,CAPE OTWAY,ROAD,6/02/2009,15:30:00,8,No collision and no object struck,6,Friday,172,OFF CARRIAGEWAY TO RIGHT,VCS,9,92,E,7,1,Day,34165,1,1,0,1,0,0,2,5,Not at intersection,3,100
T20090009037,FORREST-APOLLO BAY,ROAD,SUNNYSIDE,ROAD,12/03/2009,12:15:00,8,No collision and no object struck,5,Thursday,189,OTHER ACCIDENTS ON CURVE NOT INCLUDED IN DCAs 180-184,VCS,9,101,D,3,1,Day,246408,1,1,1,0,0,0,2,5,Not at intersection,2,100
T20090013628,BIRREGURRA-FORREST,ROAD,WALLACES,ROAD,13/04/2009,14:50:00,6,Vehicle overturned (no collision),2,Monday,170,OFF CARRIAGEWAY TO LEFT,VCS,9,92,E,9,1,Day,34688,1,6,0,2,0,4,1,5,Not at intersection,3,60
T20090015284,BIRREGURRA-FORREST,ROAD,CALLAHANS,LANE,25/04/2009,3:00:00,4,Collision with a fixed object,7,Saturday,181,OFF RIGHT BEND INTO OBJECT/PARKED VEHICLE,VCS,9,92,E,9,5,Dark No street lights,50405,1,3,2,1,0,0,1,2,T intersection,2,60
T20090027205,FORREST-APOLLO BAY,ROAD,UPPER GELLIBRAND,ROAD,15/07/2009,18:55:00,1,Collision with vehicle,4,Wednesday,130,REAR END(VEHICLES IN SAME LANE),VCS,9,101,D,3,5,Dark No street lights,15508,2,3,0,1,0,2,1,2,T intersection,3,80
T20090045817,FORREST-APOLLO BAY,ROAD,TURTONS,TRACK,23/11/2009,19:00:00,8,No collision and no object struck,2,Monday,182,OFF CARRIAGEWAY ON LEFT BEND,VCS,9,101,D,4,2,Dusk/Dawn,229140,1,1,1,0,0,0,2,5,Not at intersection,2,100
T20090050951,COLAC-FORREST,ROAD,GRANT,STREET,30/12/2009,8:45:00,6,Vehicle overturned (no collision),4,Wednesday,174,OUT OF CONTROL ON CARRIAGEWAY (ON STRAIGHT),VCS,9,518,H,5,1,Day,229020,1,1,1,0,0,0,1,5,Not at intersection,2,60
T20100017173,FORREST-APOLLO BAY,ROAD,UPPER GELLIBRAND,ROAD,5/05/2010,11:40:00,4,Collision with a fixed object,4,Wednesday,181,OFF RIGHT BEND INTO OBJECT/PARKED VEHICLE,VCS,9,101,D,2,1,Day,232586,1,2,1,0,0,1,1,5,Not at intersection,2,100
T20100019055,FORREST-APOLLO BAY,ROAD,UPPER GELLIBRAND,ROAD,15/05/2010,9:00:00,4,Collision with a fixed object,7,Saturday,171,LEFT OFF CARRIAGEWAY INTO OBJECT/PARKED VEHICLE,VCS,9,101,D,3,1,Day,233260,1,1,0,1,0,0,2,5,Not at intersection,3,80
T20100028600,COLAC-FORREST,ROAD,ROADKNIGHT CREEK,ROAD,4/07/2010,15:00:00,4,Collision with a fixed object,1,Sunday,181,OFF RIGHT BEND INTO OBJECT/PARKED VEHICLE,VCS,9,101,D,2,1,Day,234992,1,1,0,1,0,0,2,5,Not at intersection,3,100
T20100031505,FORREST-APOLLO BAY,ROAD,OLD COACH,ROAD,7/08/2010,13:00:00,4,Collision with a fixed object,7,Saturday,181,OFF RIGHT BEND INTO OBJECT/PARKED VEHICLE,VCS,9,101,D,4,1,Day,235735,1,2,0,1,0,1,1,5,Not at intersection,3,80
T20100052020,FORREST-APOLLO BAY,ROAD,MULGREWS,ROAD,27/12/2010,13:30:00,4,Collision with a fixed object,2,Monday,183,OFF LEFT BEND INTO OBJECT/PARKED VEHICLE,VCS,9,101,D,3,1,Day,239073,1,2,0,2,0,0,1,5,Not at intersection,3,100
T20110001247,FORREST-APOLLO BAY,ROAD,MULGREWS,ROAD,11/01/2011,15:15:00,4,Collision with a fixed object,3,Tuesday,181,OFF RIGHT BEND INTO OBJECT/PARKED VEHICLE,VCS,9,101,D,3,1,Day,239531,1,5,0,2,0,3,1,5,Not at intersection,3,100
T20110003239,BIRREGURRA-FORREST,ROAD,GRIFFINS,ROAD,25/01/2011,22:30:00,4,Collision with a fixed object,3,Tuesday,183,OFF LEFT BEND INTO OBJECT/PARKED VEHICLE,VCS,9,92,E,9,5,Dark No street lights,240215,1,1,1,0,0,0,2,5,Not at intersection,2,80
T20110004925,FORREST-APOLLO BAY,ROAD,SUNNYSIDE,ROAD,30/01/2011,17:30:00,4,Collision with a fixed object,1,Sunday,181,OFF RIGHT BEND INTO OBJECT/PARKED VEHICLE,VCS,9,101,D,3,1,Day,240268,1,1,0,1,0,0,2,5,Not at intersection,3,100
T20110016644,BIRREGURRA-FORREST,ROAD,CEMETERY,ROAD,26/04/2011,19:40:00,4,Collision with a fixed object,3,Tuesday,171,LEFT OFF CARRIAGEWAY INTO OBJECT/PARKED VEHICLE,VCS,9,92,E,7,5,Dark No street lights,241910,1,1,1,0,0,0,1,5,Not at intersection,2,80
T20110018500,FORREST-APOLLO BAY,ROAD,OLD COACH,ROAD,7/05/2011,9:20:00,1,Collision with vehicle,7,Saturday,120,HEAD ON (NOT OVERTAKING),VCS,9,101,D,4,1,Day,242392,2,2,1,0,0,1,1,5,Not at intersection,2,100
T20110025703,FORREST-APOLLO BAY,ROAD,MULGREWS,ROAD,26/06/2011,15:55:00,4,Collision with a fixed object,1,Sunday,181,OFF RIGHT BEND INTO OBJECT/PARKED VEHICLE,VCS,9,101,D,3,1,Day,242976,1,2,1,0,1,0,1,5,Not at intersection,1,100
T20120001529,COLAC-FORREST,ROAD,COLLINS,ROAD,21/01/2012,12:30:00,6,Vehicle overturned (no collision),7,Saturday,174,OUT OF CONTROL ON CARRIAGEWAY (ON STRAIGHT),VCS,9,92,C,7,1,Day,252457,1,1,0,1,0,0,1,5,Not at intersection,3,100
T20120004040,FORREST-APOLLO BAY,ROAD,OLD COACH,ROAD,19/02/2012,17:15:00,8,No collision and no object struck,1,Sunday,174,OUT OF CONTROL ON CARRIAGEWAY (ON STRAIGHT),VCS,9,101,D,4,1,Day,249704,1,1,1,0,0,0,1,5,Not at intersection,3,80
T20120004346,COLAC-FORREST,ROAD,HUGH MURRAY,DRIVE,23/02/2012,7:35:00,1,Collision with vehicle,5,Thursday,130,REAR END(VEHICLES IN SAME LANE),VCS,9,520,K,5,1,Day,249943,2,2,0,2,0,0,1,5,Not at intersection,3,100
T20120005957,FORREST-APOLLO BAY,ROAD,OLD COACH,ROAD,11/03/2012,12:40:00,4,Collision with a fixed object,1,Sunday,183,OFF LEFT BEND INTO OBJECT/PARKED VEHICLE,VCS,9,101,D,4,1,Day,250480,1,1,0,1,0,0,1,5,Not at intersection,3,80
T20120021193,FORREST-APOLLO BAY,ROAD,MULGREWS,ROAD,16/08/2012,11:00:00,7,Fall from or in moving vehicle,5,Thursday,184,OUT OF CONTROL ON CARRIAGEWAY (ON BEND),VCS,9,101,D,3,1,Day,254664,1,1,0,1,0,0,1,5,Not at intersection,3,100
T20120024444,FORREST-APOLLO BAY,ROAD,OLD COACH,ROAD,29/10/2012,17:30:00,4,Collision with a fixed object,2,Monday,181,OFF RIGHT BEND INTO OBJECT/PARKED VEHICLE,VCS,9,101,D,4,1,Day,255942,1,1,1,0,0,0,1,5,Not at intersection,2,80
T20130000152,FORREST-APOLLO BAY,ROAD,OLD COACH,ROAD,3/01/2013,13:10:00,8,No collision and no object struck,5,Thursday,180,OFF CARRIAGEWAY ON RIGHT BEND,VCS,9,101,D,4,1,Day,267816,1,1,0,1,0,0,1,5,Not at intersection,3,80
T20130016228,COLAC-FORREST,ROAD,AROONA,COURT,6/08/2013,11:40:00,4,Collision with a fixed object,3,Tuesday,183,OFF LEFT BEND INTO OBJECT/PARKED VEHICLE,VCS,9,101,C,2,1,Day,263189,1,4,1,1,0,2,1,5,Not at intersection,2,80
T20130019056,FORREST-APOLLO BAY,ROAD,OLD COACH,ROAD,16/09/2013,9:00:00,4,Collision with a fixed object,2,Monday,181,OFF RIGHT BEND INTO OBJECT/PARKED VEHICLE,VCS,9,101,D,4,1,Day,265084,2,2,0,1,0,1,1,5,Not at intersection,3,80
T20130020697,FORREST-APOLLO BAY,ROAD,PACK,TRACK,6/10/2013,6:15:00,7,Fall from or in moving vehicle,1,Sunday,190,FELL IN/FROM VEHICLE,VCS,9,101,D,4,5,Dark No street lights,264898,1,2,1,0,0,1,2,2,T intersection,2,80
T20130020845,FORREST-APOLLO BAY,ROAD,CROSSMAGLEN,ROAD,9/10/2013,16:40:00,4,Collision with a fixed object,4,Wednesday,183,OFF LEFT BEND INTO OBJECT/PARKED VEHICLE,VCS,9,101,D,2,1,Day,264978,1,1,1,0,0,0,1,5,Not at intersection,2,80
T20130024638,BIRREGURRA-FORREST,ROAD,DIVISION,ROAD,29/11/2013,14:45:00,8,No collision and no object struck,6,Friday,174,OUT OF CONTROL ON CARRIAGEWAY (ON STRAIGHT),VCS,9,92,E,8,1,Day,265208,1,1,1,0,0,0,1,5,Not at intersection,2,100
T20130025617,BIRREGURRA-FORREST,ROAD,CALLAHANS,ROAD,8/10/2013,15:00:00,6,Vehicle overturned (no collision),3,Tuesday,174,OUT OF CONTROL ON CARRIAGEWAY (ON STRAIGHT),VCS,9,92,E,9,1,Day,265727,1,1,0,1,0,0,2,2,T intersection,3,100
T20140000093,FORREST-APOLLO BAY,ROAD,TURTONS,TRACK,1/01/2014,16:00:00,4,Collision with a fixed object,4,Wednesday,183,OFF LEFT BEND INTO OBJECT/PARKED VEHICLE,VCS,9,101,D,4,1,Day,290202,1,2,0,2,0,0,2,5,Not at intersection,3,80